{	
	"model":
	{
		"name": "LTX Video 0.9.8 13B",
		"architecture" : "ltxv_13B",
		"description": "LTX Video is a fast model that can be used to generate very very long videos (up to 1800 frames !).It is recommended to keep the number of steps to 30 or you will need to update the file 'ltxv_video/configs/ltxv-13b-0.9.8-dev.yaml'.The LTX Video model expects very long prompts, so don't hesitate to use the Prompt Enhancer.",
		"URLs": [
			"https://huggingface.co/DeepBeepMeep/LTX_Video/resolve/main/ltxv_0.9.8_13B_dev_bf16.safetensors",
			"https://huggingface.co/DeepBeepMeep/LTX_Video/resolve/main/ltxv_0.9.8_13B_dev_quanto_bf16_int8.safetensors"
		],
		"preload_URLs" : [ 
			"https://huggingface.co/DeepBeepMeep/LTX_Video/resolve/main/ltxv-097-ic-lora-pose-control-diffusers.safetensors",
			"https://huggingface.co/DeepBeepMeep/LTX_Video/resolve/main/ltxv-097-ic-lora-depth-control-diffusers.safetensors",
			"https://huggingface.co/DeepBeepMeep/LTX_Video/resolve/main/ltxv-097-ic-lora-canny-control-diffusers.safetensors"
		],			
		"LTXV_config": "models/ltx_video/configs/ltxv-13b-0.9.8-dev.yaml"
	},
	"num_inference_steps": 30	
}
