{
	"model":
	{
		"name": "Phantom 14B",
		"architecture" : "phantom_14B",
		"description": "The Phantom model is specialized in transferring people or objects of your choice into a generated Video. It produces very nice results when used at 720p.",
		"URLs": [
			"https://huggingface.co/DeepBeepMeep/Wan2.1/resolve/main/wan2.1_phantom_14B_mbf16.safetensors",
			"https://huggingface.co/DeepBeepMeep/Wan2.1/resolve/main/wan2.1_phantom_14B_quanto_mbf16_int8.safetensors",
			"https://huggingface.co/DeepBeepMeep/Wan2.1/resolve/main/wan2.1_phantom_14B_quanto_mfp16_int8.safetensors"
		]
	}
}