{
    "model": {
        "name": "Wan2.2 FastWan TextImage2video 5B",
        "architecture": "ti2v_2_2",
        "description": "FastWan2.2-TI2V-5B-Full-Diffusers is built upon Wan-AI/Wan2.2-TI2V-5B-Diffusers. It supports efficient 3-step inference and produces high-quality videos at 121×704×1280 resolution",
        "URLs": "ti2v_2_2",
		"loras": ["https://huggingface.co/DeepBeepMeep/Wan2.2/resolve/main/loras_accelerators/Wan2_2_5B_FastWanFullAttn_lora_rank_128_bf16.safetensors"],
        "group": "wan2_2"
    },
    "video_length": 121,
    "guidance_scale": 1,
    "flow_shift": 3,
    "num_inference_steps": 3,
    "resolution": "1280x720"
}